filepath,prediction
test/1110/000,0.0002441753
test/1110/001,0.00077731156
test/1904/001,0.010788057
test/1904/002,0.20220436
test/1876/000,0.054220196
test/1876/001,0.711805
test/1965/000,0.010349908
test/1965/001,0.006649486
test/1869/000,0.02781004
test/1869/001,0.0014016484
test/2002/000,0.00019426351
test/2002/001,0.00070443813
