filepath,prediction
test/5678/000,0.34293336
test/5678/003,0.5192375
test/1234/000,0.303053
test/1234/001,0.5192375
test/3456/002,0.5192375
